BlockNumber,GetBlockHash,GetBlock,CheckTransactions,CreateTransactions,CreateOutputs,CreateInputs
25049,49.846078395843506,53.99155831336975,0.5810856819152832,0.09953927993774414,0.16199612617492676,0.17265009880065918
25050,3.5762786865234375e-06,6.192126750946045,0.3517160415649414,0.061929941177368164,0.10279178619384766,0.13775944709777832
25051,2.384185791015625e-06,1.1627960205078125,0.27301979064941406,0.04684042930603027,0.10176682472229004,0.07982397079467773
25052,2.384185791015625e-06,0.48104071617126465,0.2973055839538574,0.044936180114746094,0.11184096336364746,0.08835649490356445
25053,2.1457672119140625e-06,3.9212546348571777,0.453688383102417,0.04697895050048828,0.08897542953491211,0.07559061050415039
25054,1.6689300537109375e-06,16.17920756340027,0.2600839138031006,0.03148913383483887,0.07007646560668945,0.07226181030273438
25055,1.1920928955078125e-06,0.014011383056640625,0.23748064041137695,0.04594993591308594,0.0845637321472168,0.06354236602783203
25056,1.1920928955078125e-06,0.007639646530151367,0.20557618141174316,0.032774925231933594,0.07037830352783203,0.059691667556762695
25057,1.9073486328125e-06,0.008059978485107422,0.2364652156829834,0.03408384323120117,0.0767521858215332,0.07422494888305664
